time,1,2,3,4,5,6,7,8,9
0,9.927916274,8.413086779,7.637001663,6.691601186,4.722155714,3.016696331,1.219470092,0.396698364,-0.058788441
1,10.10443086,8.465650978,7.669602094,6.810532957,5.044790547,3.259839446,1.345650287,0.446334974,-0.176555001
2,10.0465598,8.35120601,7.555170533,6.629971076,4.865984069,2.78223117,1.375646104,0.512742252,-0.132255863
3,9.739636504,8.192238718,7.487880044,6.645668366,4.827286649,2.575537463,1.286141744,0.283798091,-0.418770596
4,9.781248419,8.230960202,7.524763147,6.621782321,4.820871617,2.399217849,1.075908985,0.111887441,-0.450332185
5,9.62856733,8.19481867,7.473481948,6.248503852,3.812252278,1.627871683,0.645797795,-0.270981809,-0.704613489
6,9.930615291,8.302259165,7.528202381,6.474418908,4.303895775,1.926142086,0.844618898,-0.118957734,-0.654381439
7,10.03689875,8.535122861,7.830228223,7.081867306,5.395950503,3.214430443,1.113233722,0.04088001,-0.467257601
8,9.780396352,8.424621003,7.769260405,6.656342917,4.63163067,2.212449101,0.632384962,-0.018245518,-0.459412696
9,9.710180872,8.48994888,7.755478522,6.443272464,4.340328513,2.475135367,0.886352363,0.015652835,-0.444992575
10,9.503444648,8.362917424,7.665809563,5.989880204,3.642850175,2.01988871,0.868230441,0.108469662,-0.401532668
11,9.311630836,8.167534256,7.435223809,5.999829615,3.982317896,2.35358789,1.110088787,0.275177415,-0.16215257
12,9.530079337,8.123031857,7.412270096,6.20267716,3.967474973,1.901469724,0.592890353,-0.077178485,-0.417305575
13,9.480053356,8.128784429,7.418154788,6.237295167,4.031300987,1.818178949,0.440476713,-0.156892683,-0.451236625
14,9.590938385,8.067776738,7.390270883,6.331057796,3.926085606,1.258917748,0.122452888,-0.30695933,-0.530654178
15,9.567150532,8.149008924,7.523252584,6.700357487,4.58996338,2.183877453,0.516086333,-0.072926031,-0.374499123
16,9.552894392,8.218744827,7.609858433,6.740225852,4.657600201,2.367749531,0.611444158,-0.039641959,-0.337449946
17,9.488933124,8.167520455,7.526101795,6.553852007,4.411864365,2.065531835,0.428400771,-0.048101746,-0.24739144
18,9.533674641,8.16653837,7.506723801,6.733220958,4.773408231,2.550543366,1.014333799,0.084980493,-0.223244592
19,9.620090542,8.303433017,7.595491318,6.884914883,5.293954893,3.28178591,1.734949406,0.73663989,0.116043267
20,9.67088255,8.359615729,7.660796154,6.951527496,5.485910838,3.682307011,1.987051659,0.570123191,-0.178823085
21,9.444963593,8.258060329,7.581679859,6.853256534,5.287025328,3.507298855,1.790079864,0.551047171,-0.053178294
22,9.462524275,8.335551678,7.624403884,6.66105265,5.057369164,3.301299596,1.466104169,0.286287406,-0.26912707
23,9.448030097,8.365310397,7.59579153,6.623575483,4.939795886,3.046453423,1.408606739,0.348141853,-0.206897749
24,9.335469841,8.278557131,7.463467249,6.352641026,4.556730172,2.729353634,1.475271108,0.582651645,-0.016982234
25,9.447628348,8.405899827,7.607208721,6.538455707,4.947535135,3.335552047,2.113772596,1.04715907,0.353257778
26,9.22963502,8.063066593,7.111972058,6.040770572,4.407198133,2.809444573,1.569083997,0.650333069,0.021212175
27,9.23471816,8.023057448,7.223679621,6.224110908,4.460013973,2.973496776,1.744973816,0.649132447,-0.016465473
28,9.127776031,7.916920273,7.169200177,6.11508161,4.636292558,3.096788259,1.804862635,0.720672674,-0.023654306
29,9.291226488,7.971551412,7.278025659,6.225559792,4.602312145,3.082369504,1.873438767,0.936525621,0.187960522
30,9.412420983,8.082938225,7.48679714,6.573497345,4.889219746,3.26465929,1.900825341,0.965275682,0.281677619
31,9.409439618,8.153694796,7.540670475,6.630303724,5.138760607,3.69681623,2.154923496,0.858387,0.082436403
32,9.489960927,8.243955509,7.677203013,6.999428764,5.356802184,3.759809298,2.491827404,1.298436568,0.417104747
33,9.495485175,8.280681083,7.610852723,6.842839848,5.279328368,3.760804665,2.529583808,1.233792287,0.368375548
34,9.679911992,8.306988182,7.599773703,6.817495965,5.22347467,3.564863163,1.902785901,0.384978059,-0.445612059
35,9.774527475,8.376796812,7.727601886,7.135580902,5.611536816,3.475340298,1.526990088,-0.118353294,-0.717894582
36,9.848791545,8.410531751,7.706616109,7.122513666,5.693005619,3.809290592,2.019889387,0.361294367,-0.560488041
37,9.975978255,8.422945828,7.680950604,7.024981655,5.530978034,3.617892363,1.70608345,0.095400152,-0.64296614
38,10.10654587,8.542736239,7.819750429,6.941578636,5.184753076,3.415360075,1.241015811,-0.276793375,-0.686356225
39,9.978350776,8.45273848,7.725803438,6.886768822,5.377895712,3.58340277,1.43582496,-0.008582002,-0.588580273
40,9.945972988,8.496792855,7.736242357,6.821975568,5.355997161,3.812229758,1.856063822,0.305567731,-0.512729744
41,10.01379867,8.531388696,7.797021029,6.823519868,5.579250274,4.218425421,2.061563248,0.501618008,-0.371055117
42,9.905182062,8.499674441,7.770172106,6.787295716,5.548262962,4.206591971,2.120771991,0.492086548,-0.357218522
43,9.994576091,8.572932403,7.838179009,7.047776822,5.832123339,4.406581309,2.252335698,0.73700077,-0.113921447
44,9.877570639,8.554211095,7.90248459,7.205558112,5.916326795,4.324503818,2.402849011,0.950942107,0.038713924
45,9.696454026,8.418510378,7.789581477,7.192469474,6.081350842,4.411130061,2.444815037,1.06673193,0.26123811
46,9.566022876,8.255201495,7.637877148,7.078567155,6.013892246,4.436231591,2.830585533,1.441284483,0.60638139
47,9.663237846,8.23476572,7.590003122,6.919083885,5.551859261,3.983287746,2.691342214,1.518711581,0.618460912
48,9.587047967,8.154201616,7.483015612,6.635126835,5.016034591,3.530412873,2.494532448,1.546259171,0.6547681
49,9.562117362,8.061411062,7.389441515,6.473955718,4.798095188,3.311413635,2.365743726,1.711627037,1.049105147
50,9.469573774,7.955298843,7.234682618,6.035017044,4.379782774,3.234011768,2.475371412,1.936766378,1.403055661
51,9.406121474,8.001820514,7.136271219,5.521074684,4.107438481,3.318478548,2.606319891,1.85275835,1.297052392
52,9.356645484,7.972507699,7.067170531,5.494791924,4.06142703,3.319453188,2.62196952,1.982218258,1.417137367
53,9.483177732,8.049216374,7.254744386,5.819740042,4.175096031,3.274063971,2.579705009,1.959319968,1.379470143
54,9.493859839,8.090660527,7.311068882,5.780129175,4.031378919,3.066382305,2.383463512,1.723276655,1.06883698
55,9.367857115,8.169799911,7.408945991,6.012472155,4.502354786,3.395298359,2.594730899,1.611705557,0.909775042
56,9.18808803,7.98837827,7.109488374,5.631743436,4.3270451,3.42590841,2.808694874,2.094178467,1.376555795
57,9.225265935,8.04543597,7.109899981,5.600164242,4.334994794,3.380121902,2.754744199,2.099645737,1.451820063
58,9.399182499,7.967402602,6.863131908,5.418759104,4.272140882,3.309614571,2.540252972,1.809644113,1.237352238
59,9.328000925,7.966510987,7.025414086,5.689845687,4.390231337,3.35018628,2.617541463,1.767206268,1.094262268
60,9.348955565,8.145281746,7.341114037,6.04080669,4.491521169,3.246337931,2.286794169,1.470863621,0.984142761
61,9.582329379,8.318114132,7.612366815,6.540017328,4.83028804,3.311653305,2.261422602,1.644455167,1.381298399
62,9.608912362,8.334026963,7.663552602,6.516813263,4.760790294,3.147944903,2.022377777,1.482256551,1.2081656
63,9.718517391,8.390639812,7.657206962,6.420795016,4.48189911,2.942466082,1.845451241,1.331978354,0.974467942
64,9.659920812,8.289307345,7.533338268,6.316553418,4.619073735,3.00394139,1.943365081,1.394338117,0.985114068
65,9.84366573,8.326485912,7.557915911,6.473051126,4.894633951,3.325313563,2.193548998,1.518563167,1.108825304
66,9.750500218,8.200589154,7.373904942,6.212971915,4.51553648,2.769168575,1.747118258,1.081026477,0.621855639
67,9.653980086,8.081589021,7.239144189,6.042165632,4.184075567,2.50492169,1.679982012,0.990509746,0.483091954
68,9.805297356,8.146319883,7.321249842,5.97344252,4.01889086,2.193370559,1.163592635,0.700409027,0.401249099
69,9.538784024,8.137068991,7.429626372,6.425818977,4.777327441,3.043034158,1.594710248,0.755162725,0.335010477
70,9.610650525,8.200951103,7.512080824,6.707158769,5.202671699,3.368703356,1.639952802,0.472446698,0.058022308
71,9.486195562,8.15381772,7.482710678,6.485865105,4.440183684,2.771652799,1.508626786,0.503967859,-0.038296024
72,9.678729242,8.306015344,7.680713239,6.341607649,3.675312887,1.993655188,1.005860583,0.125052324,-0.431962766
73,9.314798105,8.170039725,7.570072891,5.750728064,2.976738287,1.621216944,0.873739053,-0.007400722,-0.562578361
74,9.251514556,8.141745585,7.498230145,6.118888944,3.480562725,1.938975106,1.205540338,0.384644815,-0.293813827
75,9.393658343,8.265767326,7.621447062,6.475177571,4.239523433,2.405065741,1.155246356,0.199618682,-0.425292908
76,9.37309475,8.176282544,7.491351022,6.44004399,4.526243451,2.97141476,1.3629952,0.294674199,-0.311147656
77,9.476078475,8.26840035,7.613143064,6.451923003,4.513105459,2.83185008,1.325802164,0.389507033,-0.120480021
78,9.33275013,8.218555494,7.579854224,6.541706841,4.772039084,2.807185395,1.390291985,0.581961808,-0.101485297
79,9.37559091,8.195096309,7.519185112,6.378983132,4.666724488,3.089327979,1.511525237,0.751283324,0.159050788
80,9.391229171,8.171614665,7.540713053,6.531004843,4.58011119,2.360737178,1.151492148,0.557497559,-0.019028322
81,9.502361578,8.283213724,7.650761129,6.806909719,4.88176032,2.74229066,1.300470127,0.592665257,0.081731124
82,9.342836964,8.221974624,7.628598514,6.753776655,5.025531928,3.029848221,1.601368927,0.952620428,0.348363386
83,9.463108656,8.272311547,7.561290918,6.592509093,4.910413555,3.195369652,1.584189998,0.659719806,0.096009555
84,9.434375258,8.185694918,7.573517279,6.851818331,5.142044778,3.505165253,1.928951818,0.836061722,0.204903594
85,9.472658498,8.207556244,7.532477369,6.782407783,5.263881733,3.489114121,1.856062266,0.894763307,0.128749258
86,9.498283736,8.212263269,7.415486673,6.529462509,5.004974567,3.448092768,1.718652846,0.742242702,0.050435688
87,9.69364558,8.337018403,7.598603105,6.764494505,5.215525936,3.532143932,1.841094623,0.755119143,0.008809127
88,9.643531732,8.260269341,7.475133147,6.641403466,4.979781534,3.237300418,1.949019936,0.931514176,-0.018392076
89,9.901928952,8.390539642,7.61124643,6.797485427,5.226075256,3.319571391,1.731736264,0.590307167,-0.238961249
90,9.919650361,8.40975693,7.733024024,6.97270999,4.867824997,2.484205461,1.244958058,0.353540837,-0.260189668
91,9.821854019,8.530974924,7.890660314,7.138067601,4.691715589,2.182980788,0.955186769,0.158848149,-0.348689062
92,9.849879285,8.546652388,7.926967151,7.216424231,4.899709044,2.243865571,0.943986165,0.094616905,-0.356730643
93,9.464397354,8.277548622,7.684593148,6.438644074,4.093417881,1.810211455,0.739477456,0.1496354,-0.27035847
94,10.03050123,8.533392564,7.951438239,7.192799902,4.667523523,2.469750341,1.647398808,1.105634325,0.661211133
95,10.14678562,8.68566051,8.099673036,7.538876527,5.972996484,3.974848654,2.363206511,1.356298735,0.540095335
96,9.842755481,8.526471658,8.003717437,7.527279179,6.280905831,4.183102926,2.540070162,1.53054794,0.855139218
97,9.542717183,8.391175346,8.012364195,7.522709849,6.442101094,4.655645173,3.065427612,1.916043295,0.958708385
98,9.464764212,8.416468951,7.985021671,7.428386398,6.283511763,4.578494865,3.198434904,2.054174432,1.192000044
99,9.674123097,8.503328989,8.074934246,7.546393783,6.164122751,4.226057803,2.917837887,1.887537932,1.149775618
100,9.495124197,8.321886696,7.920523556,7.241421767,5.61318053,4.20658387,2.859692629,1.847547115,1.295995259
101,9.839712289,8.372375049,7.813448214,7.342847262,6.057313097,3.933562792,2.936216405,2.132280149,1.339949825
102,10.22040912,8.600874306,7.91104536,7.300152054,5.838697542,4.082002075,3.023765014,2.149267048,1.099502141
103,9.799347635,8.507654574,7.867953604,7.397096661,6.230239617,4.355555401,2.551438933,1.323321063,0.475686672
104,9.610669237,8.349386086,7.755450085,7.09338753,5.184458721,3.434505383,2.481066096,1.69428762,0.958545514
105,9.628120227,8.512397035,7.959542064,7.390403714,5.101072806,2.743056135,2.139893989,1.580178774,0.789558785
106,9.499996513,8.247930657,7.712037067,7.294985703,5.424530291,3.053549983,2.270360358,1.574631782,0.911033328
107,9.486655967,8.20060843,7.487897527,6.799453343,5.384051712,3.679680027,2.489162173,1.648883707,1.104041021
108,9.316291484,8.203161822,7.712232593,7.171542768,5.489489193,3.492024256,2.093740268,1.060823757,0.334510767
109,9.5600936,8.320627034,7.843470691,7.30739406,5.691363006,3.529553647,2.040010512,0.692824769,-0.035755638
110,9.58412834,8.256826196,7.600768519,6.688066529,4.613346167,2.909572248,1.582107202,0.640496078,0.087676562
111,10.01335173,8.535125782,7.800696672,6.581383908,4.796221405,3.326392787,2.02787616,0.914621081,0.081685786
112,9.433277467,8.196851456,7.717825915,7.169362179,5.749911355,3.697907348,1.969946874,0.935226,0.181041745
113,9.198798862,8.070622797,7.470368391,6.320303807,4.399985352,2.748112735,1.85845609,1.003091794,0.289852236
114,9.696966092,8.346261329,7.721388306,6.759792488,5.066415606,3.333900371,2.195395135,1.346775556,0.631342729
115,9.68947991,8.34005379,7.718413568,6.97819234,5.040607808,3.553919516,2.481003586,1.601710096,0.893086407
116,9.129888347,8.054029583,7.521576785,6.641058488,5.059797275,3.768862146,2.842629861,1.851380536,0.762518127
117,9.669500378,8.389187882,7.766039561,6.25182274,4.370890817,2.95274166,2.116295739,1.583926237,1.082043065
118,10.1658766,8.519501432,7.765314556,6.330253499,4.380105946,3.092011428,2.391952255,1.745462802,1.097511018
119,9.844232498,8.308594386,7.384013582,5.487836571,3.724416945,2.613619824,2.036095154,1.568071501,0.911836494
120,9.436342888,8.306579181,7.356002993,5.434475947,3.553691897,2.303868247,1.710255989,1.313600776,0.618245587
121,9.639404425,8.393685893,7.749956186,6.26551346,3.832651784,2.663342825,2.083391524,1.560696569,0.944150961
122,10.15814724,8.59189362,7.974268771,6.974115699,3.909046551,2.266420478,1.470738411,0.970452403,0.494876732
123,9.141895734,8.223503162,7.729877643,6.363842049,2.949336196,1.25195395,0.54661137,0.18173257,0.034241266
124,9.59195988,8.245027985,7.600990911,5.457818518,2.149599174,0.771904184,0.309065504,0.057530309,-0.112279827
125,9.80851627,8.473465444,7.960027418,6.47551464,3.343107127,1.433042971,0.3501888,-0.047016491,-0.287908483
126,9.698776146,8.297108612,7.578277088,5.517142922,2.777627805,1.133292263,0.219554118,-0.145394624,-0.380454626
127,9.800543909,8.294820267,7.674422277,6.29648516,3.235062176,1.085511991,0.324021315,-0.057414977,-0.249355095
128,9.725561294,8.077528089,7.529394042,6.438394067,3.341215116,1.09573008,0.35898528,0.098921448,-0.011596911
129,10.12264248,8.395189482,7.735161747,7.143432434,5.030701621,2.577786821,1.446756235,0.840595557,0.410219368
130,9.601677344,8.101559497,7.505501717,6.846727139,4.80478606,2.52763644,1.258250466,0.581834743,0.214684069
131,9.908943572,8.272778434,7.64286865,6.940069881,5.057517754,2.863009904,1.571470175,0.804608943,0.20651371
132,10.1195612,8.396678062,7.714571026,6.861783943,5.195534493,3.113671437,1.439050344,0.665141711,0.275442753
133,9.857378438,8.275696626,7.608747564,6.621299078,4.292403293,1.798035763,0.612321407,0.109825096,-0.253454626
134,9.950009053,8.383344238,7.727327318,6.81757969,4.870565278,3.069664656,1.584844418,0.48170249,-0.116767979
135,10.04951894,8.347390806,7.578902634,6.451671303,4.447982433,2.75463587,1.334149013,0.59442636,0.154424174
136,9.966866825,8.33353951,7.526860242,5.545871281,3.396866509,1.913012617,0.792850341,0.276867176,-0.117981565
137,10.15576975,8.340396438,7.561131218,6.379307628,4.561587444,2.794360445,1.338830717,0.429948413,-0.150062977
138,9.818604141,8.333310463,7.657042489,6.455391941,3.709907515,2.233586997,1.117891163,0.300411474,-0.198115842
139,9.681769776,8.330598457,7.605516396,5.735025518,2.77816501,1.497265908,0.692471106,0.053761977,-0.373637033
140,9.499093358,8.226379604,7.40401313,5.486695259,2.991972514,1.630988697,0.787968131,0.033560237,-0.397311919
141,9.684083254,8.356332207,7.70544786,6.328620574,3.572198758,1.820135528,0.808619724,-0.018547713,-0.448706334
142,9.575286447,8.148099498,7.499029868,6.126217979,3.210605643,1.59960921,0.75695249,0.135218422,-0.446163129
143,9.391864742,8.120003435,7.540376885,6.321003132,3.561194408,1.74878307,1.001611076,0.412707518,-0.237436704
144,9.385761459,8.128249446,7.689362941,6.907500967,4.158229261,2.143608746,1.24228015,0.477108146,-0.365872386
145,9.613656892,8.207432948,7.684835981,6.494162739,4.23148187,2.817908414,1.700477158,0.491509651,-0.409430671
146,9.386642898,8.157198537,7.518850593,5.543772701,3.13482757,2.005932076,1.467767558,0.84479731,0.15248182
147,9.406077151,8.014356691,7.130598152,5.220953643,3.332090823,2.275729195,1.632870924,0.980601131,0.18404421
148,9.995201443,8.581255237,7.784795423,6.52371461,4.510724933,2.954484503,1.798584327,0.981346128,0.34590185
149,9.735655094,8.206099675,7.484144626,5.942760496,3.097172204,1.623041778,1.050867997,0.511629985,-0.24113168
150,9.613863262,8.170714558,7.586722898,6.201209708,3.208222733,1.70500973,1.006596974,0.514014231,-0.108353277
151,9.696758382,8.366323709,7.69425121,6.398380611,3.52915038,1.670273947,0.865456262,0.151846591,-0.425419233
152,9.791237591,8.417792701,7.846392983,6.712337813,3.324669099,1.475805591,0.79864392,0.300739711,-0.203941354
153,9.73825924,8.318898497,7.650640324,5.997883537,3.448176019,1.816001318,1.110480742,0.593788528,0.100724901
154,9.601621767,8.297074612,7.645576008,6.079995857,3.02603317,1.554223424,0.867612893,0.388112954,-0.013175528
155,9.85689473,8.512797933,7.834907175,7.010196342,5.224118999,3.026535665,1.321575044,0.606489772,0.259291435
156,9.807726734,8.514273185,7.857267198,6.703664553,4.395699419,2.207988435,1.021622186,0.410469122,-0.017523855
157,10.27328687,8.709936241,8.012687891,7.032973634,4.473719068,2.27390847,1.246553294,0.685908348,0.123737534
158,9.71390611,8.422676053,7.676548522,6.188152158,4.170954656,2.611441595,1.772878102,1.20057538,0.670525012
159,9.878434096,8.46590137,7.769812183,5.734361182,3.444549352,2.129796292,1.498154773,0.97721202,0.336431862
160,9.671276975,8.525561937,7.921436195,6.756299222,3.962512492,1.867208984,1.041680894,0.475834612,-0.148424853
161,9.325666823,8.347401891,7.520439321,5.015840246,2.270359978,1.211400326,0.705076785,0.192056833,-0.297284055
162,9.466106916,8.22893499,6.902786024,4.692851194,2.865403348,1.714222774,1.207212633,0.919783766,0.532648751
163,9.709700678,8.227826503,6.943593128,4.653059282,2.860008606,1.703094456,1.015251742,0.42906722,-0.263641955
164,9.397302672,8.134977846,7.338650435,5.45505434,3.187851328,1.931486244,0.957807959,0.253586994,-0.230936535
165,9.663806222,8.213208445,7.423855526,5.925800498,3.755123215,2.188933182,1.167181318,0.380131204,-0.172388576
166,9.614589623,8.184323086,7.568334768,6.55571878,4.748698487,2.629890297,1.156254393,0.199089157,-0.414848396
167,9.632331989,8.114064776,7.301836533,5.517817564,3.422268895,2.29869225,1.654857846,1.093351816,0.48057686
168,9.854876908,8.13075501,7.379634984,6.217172824,4.309258116,2.557562174,1.51278717,0.773232483,0.153152036
169,9.635763481,8.089112611,7.502220593,6.246581459,3.861765378,2.287874872,1.401402416,0.752027047,0.171712528
170,9.77041465,8.115176712,7.361224629,6.072672815,4.229637258,2.598864502,1.425164511,0.716723519,0.165694363
171,9.522184846,8.106731776,7.518555894,6.803297893,5.266614759,3.722648889,2.395183419,1.147860078,0.268142924
172,9.183857481,7.979905153,7.504400725,6.905736107,5.373460541,3.520354102,2.243061447,1.283134785,0.472150523
173,9.415108886,8.208222351,7.597150404,6.79500804,5.001043614,2.977962346,1.509046417,0.39023141,-0.251916766
174,9.606914323,8.359996092,7.784660317,7.126007974,5.398980394,3.22909077,1.746569649,0.481243866,-0.202754494
175,9.373772903,8.265393172,7.797957398,7.335740872,5.929884113,3.47364194,1.732735229,0.493219921,-0.108048723
176,9.600421167,8.404694133,7.974169763,7.230782121,5.099731137,2.731049566,1.313573487,0.593702541,0.146163554
177,9.301727251,8.256259999,7.827064095,7.197332602,5.34344786,3.013998664,1.901317463,1.325278184,0.701890084
178,9.395353632,8.320961568,7.899586237,7.169601253,4.855957777,2.902735038,2.071655879,1.436569724,0.831954677
179,9.338717967,8.181776577,7.653855903,6.953287981,5.326056131,3.203321281,2.042458074,1.266245786,0.445248006
180,9.169086972,8.189019837,7.736233741,7.058972115,5.20056184,2.903751227,1.72305331,0.780561933,0.017247647
181,9.152227346,8.171228108,7.428849278,5.653295339,2.723440228,1.442006746,0.892806692,0.478649006,0.07926303
182,9.152509111,8.205100389,7.195295724,4.662079989,2.417231481,1.445097238,0.87276834,0.360675227,-0.162125871
183,9.506061872,8.237202503,7.444926172,5.005480123,2.428829426,1.449117259,0.755370179,0.147529526,-0.438355448
184,9.702429999,8.242274265,7.740404792,6.507721213,3.467086249,1.749218854,0.845400364,0.346319725,-0.13409515
185,10.08407612,8.343309306,7.741093336,6.384797264,2.785589844,1.219503518,0.637296228,0.30312316,-0.056484151
186,9.735468231,8.249041907,7.657513873,6.063639392,3.523322786,1.980601757,1.267007286,0.828187557,0.32160271
187,9.777229008,8.327881929,7.710953533,6.379670478,3.852548108,2.29593016,1.429630053,0.923884185,0.541181373
188,9.969729249,8.679183255,8.098864781,5.922750859,3.083849777,1.858217815,1.237199696,0.662660002,0.174875865
189,11.28275609,9.73229738,8.441986488,6.092499092,4.05401392,2.555471915,1.353752417,0.322363654,-0.194366626
190,10.94574516,9.022678407,8.057128393,6.668867353,3.820176952,1.844928369,0.854583965,0.154661944,-0.299780772
191,10.75060338,8.863312433,7.93739229,6.407395044,4.368574834,2.624718653,1.505154536,0.897141815,0.551717163
192,9.487279682,8.211956057,7.576822859,5.969673989,3.652737529,1.920655339,1.079705376,0.701847723,0.345900001
193,9.91978181,8.448234044,7.819116292,6.841338469,4.248596197,1.747347421,0.760066671,0.442737984,0.33055788
194,10.15478427,8.488492111,7.594881951,4.796399531,2.404077532,1.411599428,0.770039918,0.320923166,-0.024759104
195,10.2155576,8.486989802,7.690447021,5.908234755,3.188756001,1.588238482,0.641006857,0.126255923,-0.168637743
196,10.07129396,8.488836696,7.823811197,6.530464728,3.845558773,1.808403134,0.720818346,-0.091535884,-0.559538487
197,10.81750121,8.718764084,7.840895994,6.784904849,3.99718081,1.96179266,0.957283805,0.345413825,-0.048566915
198,10.43304667,8.550878277,7.771563097,6.958531635,5.095109712,2.469699508,1.267414623,0.399103164,-0.188616332
199,10.1482852,8.487369139,7.661911744,6.366684869,3.751635871,1.756848831,0.771867708,0.220150882,-0.172174826
200,9.884461315,8.309085709,7.399831968,5.185343728,2.548926311,1.314548708,0.625310483,0.123134934,-0.285365444
201,9.93733047,8.461250528,7.838322143,6.391448965,3.040136992,1.476032654,0.818966594,0.37924254,-0.07363034
202,10.23459006,8.549120731,7.784425597,6.702571453,3.535949448,1.468721174,0.486449213,-0.010463608,-0.379206164
203,10.31054137,8.696451925,7.936856362,7.260800164,5.075059561,2.272901294,1.031580208,0.249018519,-0.122296965
204,10.65578043,8.69724587,7.822171974,6.598438056,4.017966137,2.101221492,0.897686402,0.211398044,-0.208527921
205,9.97940597,8.372383183,7.77842136,6.573887106,3.572703943,1.701784853,0.889941653,0.32190997,-0.015595312
206,10.00659951,8.426422213,7.798073341,6.568843854,3.332198232,1.754834567,0.99913613,0.376191875,-0.079331272
207,9.970513453,8.440405647,7.865107595,7.091460374,3.574929007,1.867894696,1.278535123,0.727537995,0.274787581
208,9.690182453,8.221923988,7.579721847,6.047542322,3.369493149,2.036558198,1.550805042,0.981172713,0.407642589
209,9.826939023,8.208909986,7.555014337,6.13931076,3.37735715,2.014203559,1.45151048,0.884299995,0.21707168
210,9.872973982,8.132957213,7.4255758,6.415326624,4.395832756,2.62811756,1.66591824,0.869852242,0.16718875
211,9.907217184,8.255484696,7.399242508,6.201087255,4.650863753,3.185662136,1.911375219,0.903564852,0.142190174
212,9.827147029,8.296109156,7.535685914,6.655010793,5.246851887,3.44586282,2.026312363,0.763654266,0.06937162
213,9.02010498,7.960639987,7.287847652,6.353632092,4.836365902,3.149503445,2.087866842,1.323165749,0.67692017
214,9.139181664,8.068591761,7.445605008,6.725908638,5.44201985,3.78552182,2.381694461,1.387684157,0.421538359
215,9.965213926,8.522861975,7.840469014,7.114930844,5.508932382,3.549801011,1.914995151,1.002271261,0.227570006
216,9.679267862,8.384310317,7.738402134,6.912973436,5.206150328,3.133136496,1.700439712,0.745665619,0.121567523
217,9.586920361,8.218299512,7.603579903,6.72403671,4.715606216,3.105246154,1.698876091,0.689735253,-0.045589682
218,9.245168377,7.88866972,7.235743292,6.332931135,4.53859519,2.888749703,1.575022841,0.694222954,0.017014018
219,9.591479444,8.179315258,7.378825447,5.832406631,3.734642836,2.335314538,1.352680594,0.44617136,-0.237200567
220,9.526337378,8.175503989,7.368119998,5.67702989,3.803479225,2.269709694,1.050286526,0.193792887,-0.373758413
221,9.666226475,8.324399761,7.69524073,6.090112652,4.084487652,2.64063305,1.193280219,0.003571991,-0.610230987
222,9.710330539,8.288314522,7.674423712,6.227507244,3.774155249,1.992306391,0.822921383,0.24190324,-0.346773553
223,10.02517565,8.559227434,7.800242088,6.426802285,4.101623671,1.855571563,0.576653005,0.048803571,-0.359347486
224,10.05158934,8.568847151,7.848700104,6.167138088,3.803570592,1.758932045,0.527781501,-0.156628502,-0.595911402
225,9.967587999,8.523300798,7.850879883,6.410994685,4.20712075,1.897348416,0.549782795,-0.196244435,-0.660934279
226,9.896955372,8.444700131,7.495554042,5.955913156,3.93356857,1.96730075,0.927688696,0.266630193,-0.378313373
227,9.782340313,8.371938961,7.435270172,5.981720677,3.795361181,1.966250715,1.05118459,0.413670723,-0.285250491
228,9.946600416,8.392248708,7.373983684,5.849182285,3.925921441,2.151533234,1.309365546,0.577546882,-0.118659635
229,9.939764789,8.513671129,7.713725029,5.996990531,3.548764033,2.088440893,1.287862552,0.709367691,0.095887635
230,9.906149755,8.589981343,7.921050448,6.580850797,4.134625836,2.211823904,1.250926685,0.738099767,0.24946294
231,9.943627913,8.595002848,8.010332338,7.315713555,5.083379122,2.812875162,1.241713264,0.546677483,0.104182667
232,9.997712584,8.492985032,7.783756158,7.168573545,5.796911025,3.990219449,2.389920169,0.919686791,0.103458155
233,10.01906439,8.438011897,7.67692162,6.710702389,5.236954127,3.607931534,1.992499962,0.734003374,-0.084604708
234,9.976914538,8.380049678,7.624184854,6.358231746,4.323010907,2.864481044,1.504314432,0.334268919,-0.286276411
235,9.650360047,8.253333511,7.440138503,5.967303873,3.514345994,1.927298586,0.661861041,-0.097778114,-0.46219502
236,9.466505264,8.1967515,7.468369098,6.029878813,3.631323159,1.957693089,0.725073958,-0.034959987,-0.447284634
237,9.379423841,8.037239132,7.2900188,6.231544589,4.443157803,2.612247234,1.38964615,0.365632461,-0.422924046
238,10.16960709,8.595630135,7.838546008,6.773936397,3.873761409,1.530409741,0.755646964,0.438414684,0.082103559
239,10.49066391,8.731584547,7.816739209,6.470637715,3.612608807,1.559003899,0.764307693,0.32350617,-0.049523654
240,10.44048243,8.618192094,7.699291474,5.905380339,2.933835371,1.348659543,0.60546805,0.271964539,-0.106250698
241,9.971731919,8.449063024,7.741809631,6.183757014,3.403669046,1.718534235,0.889321768,0.522990135,0.198741313
242,10.11942012,8.411335541,7.590820397,6.235100066,3.854627424,2.069290887,1.346882441,0.79453156,0.237927156
243,9.820745111,8.265541136,7.418006496,5.867395862,3.422303463,2.025635927,1.350943102,0.676159925,0.016103934
244,9.734905762,8.188696662,7.311501065,5.288073801,3.184587317,2.026011682,1.2824125,0.597531442,-0.013185195
245,9.835424048,8.212269848,7.235014008,4.818552582,2.432944186,1.50985303,0.84297967,0.215766421,-0.246818336
246,9.871848687,8.236401254,7.418458666,4.84600924,2.062490443,1.151024747,0.529425163,-0.023455308,-0.42846489
247,9.949362249,8.280850792,7.516359737,5.916098825,2.811997904,1.260370488,0.63191119,0.082472191,-0.37632172
248,10.16823455,8.516827578,7.662259161,5.325511546,2.111909608,0.818965104,0.099844767,-0.388186589,-0.809053374
249,10.09718528,8.652401441,7.94071301,5.301289528,2.014659149,1.129788582,0.503804224,-0.030851495,-0.41213718
250,10.09840973,8.661280015,7.893567824,5.080449356,2.076286342,1.144135566,0.613530685,0.123435212,-0.304917497
251,10.10214451,8.681959323,8.095412764,5.981165538,2.581782884,1.223156975,0.576795892,0.044428034,-0.424298021
252,10.05837817,8.627533224,8.095577752,6.603767148,3.43035175,1.683342549,0.858059761,0.277538324,-0.272046252
253,9.85917083,8.531487833,7.933963633,6.492222849,3.994354254,2.071050988,0.870789519,0.038216225,-0.450211894
254,10.05789877,8.492757533,7.78318016,6.718996087,4.462580815,2.321203708,0.999890367,0.230713631,-0.217266079
255,10.01015566,8.55202074,7.778094829,6.820016077,4.991756007,2.503829055,0.721178665,0.14856983,-0.167578952
256,9.94012039,8.474828753,7.744029466,6.944400427,5.375577049,3.024140423,1.018987108,0.353722796,-0.058055635
257,9.804874349,8.510534341,7.896163511,7.184790576,5.305257558,3.319632365,1.501304553,0.757056347,0.249957752
258,9.862866416,8.577490225,7.983681451,7.288897685,5.271666214,2.848525872,1.234583118,0.699824697,0.347240338
259,9.922864303,8.58030464,7.878389398,7.136345798,4.818323611,2.149841911,1.020466407,0.527632419,0.097313865
260,9.754404634,8.500313588,7.805394358,7.190805804,5.107739361,2.420204167,1.242245238,0.685124266,0.270756256
261,9.576172797,8.399961149,7.748664216,6.967617377,4.687040394,2.453529473,1.307388851,0.701415913,0.300945188
262,9.61717926,8.217679203,7.549922625,6.120707948,3.559857574,1.954563846,0.999891697,0.471089965,0.041966225
263,9.712098023,8.125758701,7.461785275,6.297672921,3.752315924,2.140651534,1.135883631,0.551900924,0.101568808
264,9.825713196,8.22245092,7.430476587,5.903390817,3.650983728,1.977145814,0.717349005,0.069787632,-0.29026749
265,9.920490279,8.368728891,7.457522239,5.594308553,3.341845099,1.928974249,0.453498359,-0.24103373,-0.546532366
266,9.99340372,8.445758131,7.65449369,6.027485889,3.581874931,1.884576846,0.317431772,-0.272600644,-0.55144428
267,10.18337403,8.568866622,7.82343785,6.774618667,4.476072374,2.247128952,0.744375452,-0.049407776,-0.483016397
268,10.25343521,8.57995426,7.727262168,6.386898848,4.019850014,1.600209542,0.433202583,-0.146338552,-0.523635044
269,10.28932881,8.594130547,7.443155744,5.565264449,3.216513945,1.449886378,0.506890413,-0.12191138,-0.459982038
270,10.12149881,8.482701991,7.418855557,5.772314061,3.017983772,1.027463064,0.337106268,-0.101180701,-0.418082977
271,9.793844541,8.136726368,7.281454785,5.88596058,3.283715181,1.223812713,0.426232276,-0.063318506,-0.392296333
272,9.597041092,8.076589498,7.366961712,5.818560645,2.75368276,1.281813246,0.614591838,0.200377693,-0.139920111
273,9.552134817,8.182281584,7.520085922,6.512075043,3.549684802,1.726144198,0.907725095,0.463570058,0.108710691
274,9.579427148,8.203146238,7.530948346,6.66136883,4.009665301,1.803170604,0.937534373,0.409608267,0.015392778
275,9.741793801,8.353120687,7.691634106,7.04592931,4.914022984,2.162018543,1.084396465,0.438967457,0.014299318
276,9.688603248,8.351616626,7.699008801,7.097013303,4.976851728,2.286928245,1.222705783,0.623625052,0.134588987
277,9.702648785,8.392574873,7.788919209,7.236287811,5.03213951,2.648695676,1.330331914,0.407287165,-0.028844118
278,9.527953536,8.325740844,7.748667462,7.115407954,5.249193792,2.626254561,1.014438253,0.244925726,-0.180820948
279,9.818025243,8.366208586,7.757944145,6.750824733,3.837295187,1.504233388,0.590086193,0.093854457,-0.295635565
280,9.817822551,8.397919075,7.769333196,6.622035333,3.714034929,1.540115478,0.475568213,-0.006563602,-0.405173626
281,9.7866695,8.346554014,7.669948152,5.953928939,2.896663918,1.094222949,0.389401767,0.039090743,-0.345697559
282,9.656197804,8.276254799,7.545918503,6.109450842,3.121964734,1.146380891,0.517813982,0.077302243,-0.399531035
283,9.534949792,8.226447122,7.451283243,6.009473529,3.026006727,1.035074523,0.567734358,0.348613509,-0.078493856
284,9.755293461,8.361539855,7.539806364,6.032908751,3.45032203,1.396310228,0.742397931,0.524732897,0.093489558
285,9.566993067,8.254901153,7.494683254,5.727827848,2.636721761,1.142446063,0.728475498,0.479895833,0.198814736
286,9.550065773,8.241324102,7.506572406,6.125410646,3.654155439,1.88265094,1.163175458,0.849989136,0.644567701
287,9.29396456,8.071450249,7.285345634,5.481751122,3.038234645,1.655013614,1.121409102,0.650546646,0.332760805
288,9.587603508,8.193045331,7.376365314,5.829779386,3.581093675,1.79224349,1.093491294,0.593870915,0.173916838
289,9.640325913,8.223482243,7.100481677,4.859983619,2.947100224,1.586470504,0.888331323,0.318894267,-0.200239688
290,9.58189827,8.219633671,6.931046959,4.342722996,2.689748032,1.707449869,1.02476619,0.341383143,-0.241245181
291,9.314451352,8.084843641,6.534532154,3.891495493,2.597932971,1.684847812,0.981462193,0.229165355,-0.373612324
292,9.158451778,8.014863243,6.464660329,4.148648718,2.595431736,1.642342854,0.925989344,0.133564851,-0.472115456
293,9.329575878,8.142830781,7.311477096,5.375063645,3.111735489,1.841323804,0.884970986,-0.086929308,-0.701041125
294,9.363970224,8.159131397,7.478990314,6.061851383,3.523207944,1.941667207,0.845048048,-0.257052542,-0.896416333
295,9.532289626,8.183210957,7.495821486,6.301463074,4.449435728,2.59184397,1.379516814,0.196656414,-0.527719849
296,9.618776463,8.188198084,7.535795588,6.482714341,4.366624176,2.259757183,1.17732962,0.2540137,-0.331464975
297,9.685054016,8.206240986,7.554770481,6.557011972,4.413838142,2.537990797,1.489873229,0.52708616,-0.153835157
298,9.671490257,8.213416313,7.50341617,6.315136254,4.373228478,2.790763296,1.62031611,0.582495326,-0.119438411
299,9.314655831,8.10968628,7.318890437,5.907454026,3.813526454,2.386061486,1.454246185,0.534408422,-0.172616157
300,9.542824048,8.292351533,7.572924939,6.401909796,4.443334191,2.807609394,1.693599665,0.733076571,-0.002627971
301,9.434215573,8.218359585,7.552072271,6.591570184,4.907521772,2.972005112,1.426966547,0.454753005,-0.24734292
302,9.548853895,8.376397125,7.69417863,6.784104918,4.855243631,3.031416902,1.761773594,0.717067571,-0.050340606
303,9.507010908,8.332005692,7.702945934,6.798479472,4.989330705,3.16113991,1.794392739,0.804905312,0.085573275
304,9.686980091,8.348191851,7.708385344,6.697959533,4.571738343,2.391849152,1.04973545,0.194772126,-0.367677855
305,9.508605943,8.32377724,7.743495234,6.829824695,5.059470275,2.746089628,1.02584529,0.133559206,-0.377155106
306,9.594070153,8.382891535,7.695681686,6.393655412,4.740273893,3.095899115,1.425448179,0.367675154,-0.188278475
307,9.466326976,8.292728619,7.653934215,6.292681408,4.39954706,2.821682038,1.314728368,0.309698705,-0.265217664
308,9.64334681,8.334212523,7.710898736,6.403111147,4.648432319,3.04306308,1.62694625,0.545364234,-0.13130957
309,9.597082309,8.291394444,7.655716014,6.680598683,4.998249274,2.982739757,1.291677518,0.436333916,-0.142885253
310,9.602068518,8.300804716,7.693287797,6.839725665,5.311046731,3.06578907,1.136995881,0.268579455,-0.269857609
311,9.476060665,8.260809581,7.71394328,7.113383836,5.759780227,3.234383776,0.908490093,-0.013687659,-0.488363644
312,9.541096941,8.309449435,7.76122688,7.26880198,6.165820305,4.139267698,1.539131554,0.284882813,-0.368539271
313,9.554987675,8.312161365,7.720136308,7.090515141,5.625353085,3.666617762,1.794721131,0.564288723,-0.147663507
314,9.374768744,8.26223666,7.60163907,6.475246194,4.603222926,2.812627239,1.195911826,0.109544539,-0.460831701
315,9.340807,8.192353447,7.451578035,6.17754556,4.11974396,2.254633524,1.126821477,0.253924779,-0.263081608
316,9.254889886,8.254677261,7.495681286,5.756661515,3.709311854,2.244221363,1.191780411,0.516397769,0.104511333
317,9.674801702,8.398579201,7.716493468,6.039287964,3.570078607,2.155206406,1.385423556,0.887602433,0.438258348
318,9.676111298,8.304548669,7.461526564,5.592422574,3.705656317,2.36339192,1.49416228,0.880519311,0.46921425
319,10.30542382,8.40201702,7.549622136,5.763092647,3.510043735,2.347382905,1.65035456,1.029054563,0.542894792
320,10.21193165,8.311261699,7.429333377,6.067588029,4.189335962,2.575204981,1.30709659,0.53172837,0.051672633
321,10.52751586,8.571832735,7.646309909,6.172427402,4.270669283,2.832577483,1.427851052,0.629018696,0.151183352
322,10.19029952,8.316697887,7.472771876,5.962140834,4.11909002,2.465918749,1.167408423,0.567519092,0.112669583
323,10.39400883,8.497273171,7.631329752,6.570009234,4.781414792,3.336026536,1.918279139,0.867312918,0.1920328
324,10.28785824,8.485147431,7.431387665,6.071718331,4.677210477,3.641958591,2.457195164,1.325062017,0.610949219
325,10.36034443,8.548825645,7.403930026,5.431685546,3.842089953,2.833371315,1.978205325,1.213312995,0.529247501
326,10.20578803,8.540130235,7.302115029,5.035732816,3.579419459,2.591411573,1.67060687,0.938199289,0.298275093
327,9.997567518,8.452501227,7.478370437,5.420744128,3.293849041,1.959097853,1.054428374,0.52123708,-0.03536695
328,10.06424534,8.327485088,7.382465629,4.815845929,2.424863732,1.471617745,0.759462833,0.26543476,-0.166514212
329,9.821705402,8.292075993,7.653927601,5.661536822,2.588767878,1.189392121,0.656227285,0.346385683,0.003592158
330,9.512908152,8.179930862,7.649195799,5.901493228,2.172518632,0.8357335,0.464814493,0.110730508,-0.276039056
331,9.848756452,8.255318524,7.701298961,6.168016535,2.517143702,0.997903287,0.554800897,0.251329573,-0.0723651
332,10.12088977,8.321972134,7.705160502,6.557498199,3.347601212,1.15186991,0.35950706,-0.13466919,-0.481972781
333,10.05439143,8.266157229,7.583888047,6.537520717,3.19215476,0.866799955,0.21215995,-0.221445524,-0.494773582
334,10.04788549,8.30046863,7.493241559,6.483903511,3.613021973,1.061313582,0.059922833,-0.369581708,-0.620950296
335,9.699619519,8.089899216,7.410494988,6.603731514,4.065211017,1.537880116,0.371153871,-0.079354405,-0.367075778
336,9.566211134,8.084717294,7.426442462,6.281415959,3.583920121,1.511360307,0.402648366,-0.067610535,-0.366271019
337,9.700745828,8.242398563,7.553382854,6.100563644,3.868909788,2.112942806,0.795719346,0.222122606,-0.242722397
338,9.648827019,8.330919252,7.684452578,5.896614818,3.317010056,1.916307321,0.937663712,0.250907818,-0.252622879
339,9.818414055,8.415417199,7.615121464,5.664591686,3.308172237,1.814307385,0.923479075,0.278211731,-0.223584212
340,10.05871388,8.522358943,7.620804718,5.368273873,2.758860499,1.249388221,0.469442523,-0.122824851,-0.550469106
341,10.27253952,8.633725197,7.766530184,5.522182712,2.617591255,1.187608863,0.222686621,-0.429541824,-0.780037934
342,10.24239584,8.689011152,7.86311972,6.031288559,2.698889335,0.781864237,-0.105431025,-0.534191759,-0.838338576
343,10.08279864,8.593220343,7.807974771,6.716035328,3.520562484,1.07253481,0.073079855,-0.402285777,-0.751554353
344,10.18758172,8.587672797,7.767251921,6.493579063,3.114835265,1.046055676,0.289623453,-0.173468549,-0.561762224
345,9.988481794,8.43620776,7.62166894,5.955101843,2.366524827,0.747603326,0.150368556,-0.257121872,-0.621468357
346,9.750356815,8.384607444,7.590137305,5.609494443,2.022109295,0.730908978,0.189743659,-0.301566137,-0.730058798
347,9.865351072,8.463404213,7.48074758,4.603671522,1.455594894,0.496531216,-0.04089265,-0.507235498,-0.918037075
348,9.771682715,8.446583053,7.092780131,4.804528502,2.5831077,1.273263965,0.488439241,-0.17853055,-0.683960587
349,9.746414916,8.385439766,7.24823194,5.616338541,3.822739361,2.141126319,1.089810594,0.317503647,-0.382782086
350,9.768085685,8.444448318,7.528826963,6.053928231,3.637976995,1.476682781,0.55012428,-0.097078893,-0.461837214
351,9.398086504,8.264029524,7.609292836,6.555215242,4.293457698,1.793470347,0.685258507,0.153055431,-0.191675865
352,9.27278256,8.111978973,7.343093829,5.996921371,3.450345901,1.480606907,0.452660666,-0.129149409,-0.64415421
353,9.38219251,8.128481479,7.341678176,5.973848831,3.615279444,1.669280534,0.854830288,0.205208388,-0.43325905
354,9.767326778,8.206550097,7.331313237,5.611755848,2.803965561,1.390068209,0.674499078,0.024238768,-0.592112362
355,10.14292398,8.379697581,7.586930578,6.025256792,2.737826045,1.155117214,0.490729949,-0.131413619,-0.678601563
356,9.691799324,8.144012791,7.228008465,5.326416051,2.690826508,1.451069853,0.736056595,0.183554153,-0.38874623
357,9.384230004,8.068316184,7.346320267,5.157287775,2.197568665,0.998616849,0.443921537,-0.104519359,-0.655103607
358,9.28397601,8.153925543,7.535330586,5.614875964,2.500021512,1.211695529,0.561248415,0.097250792,-0.364496523
359,9.676744135,8.362182088,7.71408286,6.389282309,3.454475391,1.551779155,0.541173525,-0.073739637,-0.460758182
360,9.750932915,8.347021871,7.680712307,6.393424624,3.267755592,1.39217976,0.415400064,-0.106266411,-0.504299646
361,9.803202217,8.391953846,7.752734554,6.59714793,3.538640692,1.578510768,0.605541293,-0.100884931,-0.642258733
362,10.01409757,8.543292337,7.968720866,6.847122108,3.672506733,1.872656156,0.789724204,0.06164808,-0.436857023
363,10.05900352,8.440894086,7.749047574,5.88813312,2.712595717,1.490968187,0.685248453,-0.020078497,-0.506414876
364,9.841613929,8.279930791,7.602966198,5.869419136,3.064514346,1.202756507,0.183167688,-0.378063534,-0.701723894
365,9.782447617,8.396693695,7.690864529,5.607434386,2.882687394,1.271072589,0.261490053,-0.273511615,-0.62832858
366,9.737351044,8.383657187,7.711247451,5.074588874,2.369371462,1.066461403,0.309799454,-0.18234518,-0.537240311
367,9.459854059,8.20517381,7.602685211,6.126409198,3.399216298,1.685514562,0.554922324,-0.149861406,-0.558056238
368,9.57117156,8.207715373,7.458145431,4.507438332,2.120054806,1.110198642,0.49419194,-0.050117991,-0.496092328
369,9.346995817,8.178580652,7.494315004,4.356916241,1.79457132,0.983228865,0.426398253,-0.097125798,-0.548175957
370,9.445470045,8.272239309,7.508360147,4.451888316,2.074549132,1.152878199,0.594196523,-0.116642153,-0.737634224
371,9.41531848,8.222090901,7.576681735,5.143331074,1.975154721,0.841651993,0.280369437,-0.255044574,-0.676507828
372,9.739332459,8.383828433,7.597983587,5.18005644,2.503783845,1.365676118,0.748282728,0.15773541,-0.480726502
373,9.708066108,8.238820702,7.395152015,5.558190525,2.721301091,1.407306356,0.681401005,0.215104836,-0.213461054
374,10.10460053,8.589980974,7.636946371,5.799269058,3.202301348,1.607430591,0.683933994,0.180607824,-0.239706588
375,9.995626257,8.4531934,7.39632447,5.59514434,3.053027043,1.4920257,0.636635035,0.115206779,-0.373398585
376,10.00988001,8.56620262,7.645103762,5.591971718,2.748847361,1.335716152,0.645111551,0.139805558,-0.310838556
377,10.25787622,8.716942637,7.846906814,6.631516165,4.023754314,2.033017411,0.94824375,0.217079487,-0.394291282
378,9.82371198,8.318687985,7.430109231,5.969031982,3.649049464,1.696750032,0.6997932,-0.093799735,-0.594377252
379,9.483553243,8.065601387,7.165700349,5.179216454,2.392006184,1.165379244,0.366269256,-0.28407492,-0.657446227
380,9.815695769,8.276162551,7.24999069,5.244745952,2.45256512,1.261054563,0.535905492,-0.157641196,-0.591993825
381,9.488334313,8.167676293,7.388159547,5.565443251,2.941299038,1.469630148,0.668029307,-0.037336446,-0.521048039
382,9.649504429,8.24975245,7.408624294,5.493576466,3.141214682,2.03354806,1.381893327,0.557309464,-0.238446226
383,10.1801101,8.412591707,7.602289506,5.58429454,3.048000821,1.759457069,1.089260264,0.401391544,-0.281457228
384,10.17065297,8.494417743,7.757600837,5.869519122,2.757116344,1.416275007,0.730010769,0.09965241,-0.504144458
385,9.942205492,8.308722921,7.585706253,5.891429148,2.901305667,1.330689196,0.451883774,-0.180666014,-0.606520052
386,9.984672104,8.288629991,7.587525033,6.302472336,3.094822464,1.470972092,0.43891599,-0.146067917,-0.59498172
387,10.30474519,8.546292011,7.750160255,6.722413861,3.603022726,1.520270418,0.57949187,0.044612597,-0.392216475
388,10.56079592,8.742048394,7.763956065,6.394335565,3.055817006,1.294564058,0.430117298,-0.051794567,-0.435461227
389,10.25040825,8.464084787,7.513645785,4.847974912,2.469357469,1.305518406,0.693659795,0.098391508,-0.47045769
390,10.25014331,8.420626462,7.56459214,5.254779839,2.469767498,1.317993378,0.765741524,0.194374418,-0.353102123
391,10.20212867,8.470338839,7.733755245,6.60254028,5.074660677,3.773655504,2.688621037,1.975947455,0.91852431
392,10.17365575,8.428461984,7.631646808,6.388671852,4.819976731,3.429172778,2.446793131,1.996698682,1.158436193
393,9.898380359,8.21480985,7.452386217,6.246736712,4.771546533,3.542216943,2.576847863,1.680293806,0.664767424
394,9.906530244,8.255453611,7.548455157,6.30954361,4.815747864,3.63280371,2.59199879,1.829267911,0.640482724
395,9.762411368,8.19941126,7.561649925,6.529951379,4.960107891,3.736899327,2.710023563,1.740583952,0.363848441
396,9.764958047,8.308063367,7.695224069,6.773761829,5.1367507,3.719690654,2.648803419,1.865330945,0.359794554
397,9.814394964,8.338233824,7.669422951,6.888215774,5.523920046,3.858866497,2.488740587,1.545053322,0.304594262
398,9.915578304,8.411942249,7.71235671,6.851222521,5.123663059,2.98288378,1.519771214,0.562052523,-0.015717166
399,9.741833774,8.361202284,7.619851072,6.840391259,5.590227902,4.118657534,2.767521076,1.209747118,0.205571643
400,9.833738312,8.393646306,7.68678007,6.993104896,5.884384692,4.347587872,2.875918486,1.315568833,0.290465806
401,9.712034833,8.397427765,7.741757007,7.101943528,5.783705264,4.079468286,2.802590905,1.218858261,0.154600622
402,9.806420541,8.485217976,7.820156376,7.129478243,5.512848328,3.790049548,2.794620793,1.544093211,0.203074511
403,9.707156584,8.420730468,7.746095481,7.071550798,5.453584842,3.88402542,2.971898511,1.794412075,0.557842005
404,9.647286648,8.389719884,7.78233519,7.200031963,5.833124445,4.251827382,3.260054768,1.903389027,0.44657735
405,9.721470776,8.336160037,7.725472496,7.095681422,5.722517492,4.269938057,3.15670528,1.857890245,0.553004589
406,9.690926391,8.295711096,7.652562434,6.987305993,5.714532925,4.315492296,3.170180784,1.557455976,0.475700752
407,9.761054237,8.296506439,7.712728587,7.172758654,5.997622892,4.019896863,2.243936573,0.984156728,0.195961439
408,9.582956213,8.251813222,7.668019704,7.238234729,6.080896525,4.35259922,2.803938206,1.281489232,0.448166902
409,9.627361524,8.284362579,7.7284361,7.309677581,6.24964605,4.354328969,2.692948284,1.047109927,0.28113646
410,9.52756844,8.255724031,7.633857837,6.988732776,5.80140447,4.124876829,2.654904039,1.275793248,0.610422086
411,9.554804154,8.376541118,7.761467033,6.978646072,5.57894158,4.206074647,2.935379591,1.386037146,0.598552723
412,9.620764988,8.355696359,7.623569758,6.725777349,5.24604265,4.086656065,2.753673048,1.377764873,0.618335845
413,9.674852879,8.408649445,7.596294857,6.498937516,5.022764711,4.090323699,2.87352882,1.362959161,0.555434835
414,9.361457072,8.225844456,7.445961033,6.349870141,4.96689829,3.952692359,2.456967076,1.244448206,0.543980697
415,9.502567103,8.19062441,7.407554783,6.348942242,4.94640269,3.696165,2.279788274,1.252989228,0.525546363
416,9.558628775,8.254558014,7.502488835,6.602359716,5.096322085,3.512753449,2.046522542,1.10868164,0.441952614
417,9.482063443,8.302802143,7.573999435,6.63362838,5.131369913,3.578014539,2.116635379,1.139200848,0.497948692
418,9.684389939,8.446477062,7.706386405,6.719868679,5.038506522,3.236179799,1.769035472,0.81506015,0.377591179
419,9.677777882,8.36940815,7.622528059,6.614873187,4.822206936,2.941093935,1.49793742,0.660594677,0.288706227
420,9.788454605,8.336495958,7.603545925,6.578904207,4.849787958,3.102735993,1.943680201,1.077344738,0.578105151
421,9.767419378,8.374476797,7.702842259,6.846526896,5.124810142,3.086401954,1.685135118,0.88560062,0.523388078
422,10.01084662,8.397745573,7.628995922,6.780638592,5.080781841,3.109092144,2.058615378,1.176040761,0.684916871
423,9.585900656,8.165928419,7.495282005,6.446759256,4.427496939,2.898768232,2.178154159,1.485718826,0.717605911
424,9.778828467,8.07108447,7.43098171,6.69880589,5.072625765,3.634943188,2.590665984,1.708538544,0.973490854
425,9.507979382,8.126766844,7.357002979,6.166539542,4.384412853,3.197599788,2.473437512,1.825467904,0.873043949
426,9.39068455,8.012605066,7.406657718,6.560088038,4.554036877,2.646595292,1.72163089,0.907027003,0.04241434
427,9.529186791,8.021987542,7.389500822,6.718119637,5.019926048,2.928693661,1.699108683,0.702566635,-0.06836738
428,9.712646903,8.111854508,7.445517141,6.577866198,4.636813822,2.834275348,1.713357557,0.778809092,0.061385461
429,9.472804104,8.185264687,7.443017138,6.288592559,4.652282664,3.258345495,2.229603943,1.15886021,0.193150679
430,9.447864068,8.129014873,7.369938859,6.110207057,4.132831233,2.384226637,1.428645754,0.752036155,0.163399607
431,9.396509823,8.08506449,7.186203209,5.798001191,3.718970941,1.871715742,1.007058881,0.494528739,0.045297237
432,9.397508036,8.075708326,7.049861506,5.513100623,3.741670182,2.254079553,1.350332152,0.751740736,0.152804339
433,9.425009354,8.236161791,7.477525249,6.260039781,4.450307602,3.147640393,1.792061803,0.851490191,0.245007176
434,9.392517325,8.236120326,7.468659287,6.338510337,4.619582468,3.129525988,1.866334304,1.008860545,0.372441998
435,9.45445739,8.179066716,7.437752086,6.328891816,4.765962441,3.237739565,2.114044551,1.265003591,0.491182633
436,9.385467214,8.158131016,7.504948154,6.38148798,4.771432459,3.155911546,2.104424461,1.200172528,0.265206105
437,9.371347219,8.093329835,7.303327518,6.049628888,4.555283588,3.097482044,2.076224085,1.119995523,0.124866203
438,9.530925481,8.199043292,7.296957019,6.132851722,4.908371921,3.59724795,2.37173962,1.320997906,0.453759758
439,10.0942796,8.356088206,7.479349573,6.340312194,4.639572025,3.050478796,1.731406091,0.523088825,-0.172624543
440,10.07189718,8.343041278,7.464108957,6.386539282,4.899740259,3.280117052,1.871822512,0.530281747,-0.182681517
441,10.49760989,8.703022519,7.761373549,6.627242853,5.166395994,3.779915166,2.405585574,1.009797006,0.083464454
442,10.42639514,8.65549186,7.609586008,6.348991038,5.142614878,3.89501734,2.556388886,0.980388557,-0.033637573
443,9.935633937,8.310516924,7.212238337,5.531382627,4.269087173,3.171930755,2.139063947,0.816767605,-0.130437134
444,9.881860819,8.39624633,7.418738606,5.626036705,4.22581943,3.09710332,2.052770276,0.772920614,-0.262807748
445,9.733012233,8.320825967,7.543342219,6.025155175,4.481003726,3.260491133,2.173482549,0.903145541,-0.116903996
446,9.536350901,8.217075713,7.477040514,6.249694291,4.802781517,3.595440779,2.389437852,1.105274186,0.113717817
447,9.679935339,8.346433931,7.632707512,6.774892802,5.339350991,3.720968055,2.211584808,0.897419231,-0.042239552
448,9.696610348,8.391495718,7.635902649,6.763948917,5.439627159,3.686605374,1.893413376,0.629810786,-0.156907944
449,9.792604115,8.461170714,7.640825053,6.535118909,4.90845897,3.149041324,1.351351275,0.256074736,-0.340415116
450,9.754394384,8.410225004,7.614467871,6.551271184,4.857188691,3.142385453,1.294224871,0.097232674,-0.408867244
451,9.930353609,8.476188908,7.659411046,6.773912682,5.245348247,3.215070769,1.461984052,0.202986024,-0.430490083
452,9.656381245,8.241183518,7.402053913,6.324196053,4.756976007,2.863618207,1.357310197,0.16188835,-0.485943896
453,9.654507897,8.215680657,7.4390049,6.507203325,4.663508908,2.961002427,1.50298331,0.228738681,-0.491857012
454,9.612121837,8.205256611,7.446240429,6.5984964,4.993708415,3.220443539,1.896826735,0.555623578,-0.380399707
455,9.602978896,8.237617416,7.466180184,6.599004668,4.911136496,2.960217066,1.395864668,0.19415633,-0.502467259
456,9.714487275,8.347002039,7.468800083,6.575573551,5.157287261,3.096943059,1.218340765,-0.007172227,-0.622126952
457,9.792013105,8.302554946,7.570457287,6.722493161,5.08549218,3.0664119,1.321958367,0.162030579,-0.464703605
458,9.615579105,8.125288815,7.36772416,6.490330422,4.88097268,3.014361197,1.294959576,0.050762616,-0.55636632
459,9.490214706,8.035760377,7.358157698,6.664868392,5.432174301,3.873802192,1.919375742,0.383912949,-0.459435336
460,9.496409445,8.009468229,7.310839869,6.559125901,5.336362298,3.76961544,1.908326101,0.306467098,-0.632543594
461,9.091341647,7.868800552,7.233176994,6.586245053,5.519768677,4.080685315,2.092675391,0.322966789,-0.563384249
462,9.925507352,8.500752146,7.713499854,6.87938325,5.421047855,3.459143309,1.906462601,0.854512224,0.244065393
463,9.536947206,8.285631139,7.59183229,6.875071909,5.614578133,3.735593677,2.176600734,1.086472614,0.392734481
464,9.543456358,8.23384321,7.584974613,6.810077139,5.346710518,3.261764413,1.787716621,0.936516818,0.364098819
465,9.782928313,8.508003725,7.771347676,6.820702873,5.239697428,3.831061711,2.333029201,1.083350251,0.329288745
466,9.806619957,8.492452141,7.783314254,6.700527693,4.658864733,2.825799187,1.413294503,0.734592936,0.253544008
467,9.986962187,8.630585523,7.948795453,7.084718331,5.077344553,3.109947947,1.537596933,0.70720127,0.249331827
468,9.898671884,8.746131349,8.090541487,7.276802923,5.419550949,3.294527595,1.715152183,0.943517634,0.475303897
469,9.890752445,8.746352358,8.027519848,7.16062296,5.210136205,3.27084518,1.8002505,0.933245941,0.355268001
470,10.12960519,8.629978961,7.883256272,7.04934456,5.224956256,3.114506884,1.74788863,0.882830406,0.187655573
471,10.07984271,8.590514529,7.870768382,6.855057619,4.754136478,2.538450673,1.381791613,0.603557073,-0.000456959
472,9.830089347,8.482983358,7.807675312,6.94290672,4.826331401,2.374988744,1.154355089,0.563120779,0.068427142
473,9.944269778,8.432556784,7.74813832,6.812961305,4.973771631,3.320028809,1.973953643,1.001174817,0.333224469
474,10.06848092,8.688240353,8.008243515,7.379065842,6.010229508,3.847192775,1.884465188,0.929341086,0.18126651
475,9.832945549,8.551794611,7.916572664,7.275810067,5.70099199,3.296186629,1.693892248,0.833139734,0.086391694
476,9.677017611,8.299630444,7.69151432,6.460662854,4.005613308,2.006913384,1.070346073,0.307788245,-0.210885405
477,9.971444427,8.541391658,7.881748862,7.088644633,5.223535496,2.802741888,1.036983389,0.232966048,-0.276310687
478,9.830532486,8.369484355,7.743063292,6.690019209,4.249756051,2.169428851,0.946000866,0.056560096,-0.422143824
479,9.589436311,8.308921006,7.749677079,6.699101496,4.06955467,2.096785861,0.941602518,0.067801585,-0.408409234
480,9.54417483,8.360202202,7.82003725,6.881460368,4.466751235,2.312194201,1.016862779,0.06612213,-0.447040504
481,9.513461044,8.311864307,7.81447626,7.115992143,5.346578295,3.478192542,1.56923814,0.20265519,-0.429687132
482,9.48709598,8.312405538,7.803054708,7.217666995,5.579290531,3.641715215,1.458824175,0.027848947,-0.481382945
483,9.792638763,8.574189544,7.987406921,7.371355312,5.843005399,3.836385805,1.429465624,-0.097648639,-0.494627892
484,9.966658193,8.582333466,7.964924323,7.335150999,5.651532768,3.301467659,0.885520312,-0.195766589,-0.472144517
485,10.23646156,8.701833145,7.991691287,7.314662251,5.594476861,3.401933154,1.175773115,-0.034311835,-0.39762545
486,10.01562938,8.633208208,7.941673234,7.32854717,6.103209013,4.211526902,1.962831781,0.366740247,-0.272645105
487,10.24486272,8.721829857,7.964733328,7.322158149,6.136427986,3.951576306,1.679209002,0.503996481,-0.148004596
488,9.985518756,8.58892312,7.963411864,7.342182813,5.773941839,2.923759595,1.200119328,0.34761903,-0.185843473
489,9.455689378,8.389174016,7.801360192,7.119977842,5.61059515,3.543163184,2.09038722,0.632078123,-0.21161507
490,9.307111239,8.32170351,7.781201126,7.103834555,5.645885139,3.668230942,2.352695014,1.043878684,0.066714753
491,9.307637742,8.268110561,7.744330686,7.051666872,5.25226946,3.366577227,1.909198785,0.654507542,-0.087512157
492,9.415767773,8.347804016,7.828122362,7.21397968,5.409776662,3.168188626,1.254690282,0.191876074,-0.249435527
493,9.538811035,8.320850761,7.684276287,7.048222344,5.579396969,3.736457062,1.848414853,0.644260739,-0.016967312
494,9.630690255,8.276249211,7.63279698,7.07309307,5.64305476,3.577034808,1.708815018,0.629342158,0.003136887
495,9.556856133,8.164189638,7.598963049,6.812248839,4.558689697,2.142507666,0.775935364,0.23302061,-0.186790622
496,9.659203785,8.280130288,7.692062967,6.936780412,4.950747607,2.39910664,0.917144936,0.27529285,-0.176808894
497,9.413150848,8.231242643,7.724059799,7.077208617,5.238784374,2.683879186,0.926860642,0.184094683,-0.242779572
498,9.508313922,8.234517733,7.683418669,6.789834323,4.443856558,1.998190486,0.834295612,0.224257922,-0.133135388
499,9.626462303,8.256579092,7.666920819,6.757095099,4.72962694,2.418344662,1.123580386,0.380669029,-0.123605131